id,qname,heading,text,type,diagram,website,updated
,CapacitySize,CapacitySize,,Class,https://w3id.org/citydata/part1/v1/diagrams/CapacitySize.dot.svg,https://w3id.org/citydata/part1/v1/CapacitySize,2026-07-23T12:14:41.538678
,ExceptionDay,ExceptionDay,"An ExceptionDay specifies a day or days that recursExcept and recursAddition use to specify unique days that do not recur on the same day each year, for example, holidays. ",Class,https://w3id.org/citydata/part1/v1/diagrams/ExceptionDay.dot.svg,https://w3id.org/citydata/part1/v1/ExceptionDay,2026-07-23T12:14:41.538678
,TerminalResourceState,TerminalResourceState,,Class,https://w3id.org/citydata/part1/v1/diagrams/TerminalResourceState.dot.svg,https://w3id.org/citydata/part1/v1/TerminalResourceState,2026-07-23T12:14:41.538678
,CdmThing,CdmThing,"Added for organizational purposes, to identify all classes defined in the City Data Model.",Class,https://w3id.org/citydata/part1/v1/diagrams/CdmThing.dot.svg,https://w3id.org/citydata/part1/v1/CdmThing,2026-07-23T12:14:41.538678
,Acceleration,Acceleration,,Class,https://w3id.org/citydata/part1/v1/diagrams/Acceleration.dot.svg,https://w3id.org/citydata/part1/v1/Acceleration,2026-07-23T12:14:41.538678
,PlannedAllocation,PlannedAllocation,"Specifies the planned allocation of a resource to an activity via a state.
        Note that Allocation is a Manifestation as the allocation may change over time.",Class,https://w3id.org/citydata/part1/v1/diagrams/PlannedAllocation.dot.svg,https://w3id.org/citydata/part1/v1/PlannedAllocation,2026-07-23T12:14:41.538678
,FoundationalCdmThing,FoundationalCdmThing,"Added for organizational purposes, to identify all classes defined in the Foundation-level CDM ontology.",Class,https://w3id.org/citydata/part1/v1/diagrams/FoundationalCdmThing.dot.svg,https://w3id.org/citydata/part1/v1/FoundationalCdmThing,2026-07-23T12:14:41.538678
,CardinalityUnitPerTime,CardinalityUnitPerTime,,Class,https://w3id.org/citydata/part1/v1/diagrams/CardinalityUnitPerTime.dot.svg,https://w3id.org/citydata/part1/v1/CardinalityUnitPerTime,2026-07-23T12:14:41.538678
,ConjunctiveAgreement,ConjunctiveAgreement,A conjunctive agreement is a complex agreement where all sub-agreements must be satisfied for the overall agreement to hold.,Class,https://w3id.org/citydata/part1/v1/diagrams/ConjunctiveAgreement.dot.svg,https://w3id.org/citydata/part1/v1/ConjunctiveAgreement,2026-07-23T12:14:41.538678
,YearlyRecurringEvent,YearlyRecurringEvent,"A YearlyRecurringEvent recurs regularly on the same day of the same month, as specified by the hasMonth and dayOfMonth properties. As with MonthlyRecurringEvent, there may be ambiguity regarding the semantics of a yearly recurring event, however this formalization captures only the notion of an event that recurs on the same day of the same month (e.g. a birthday).",Class,https://w3id.org/citydata/part1/v1/diagrams/YearlyRecurringEvent.dot.svg,https://w3id.org/citydata/part1/v1/YearlyRecurringEvent,2026-07-23T12:14:41.538678
,Length,Length,"Length is the amount of space between two geographical points along a curve. It is a base quantity in the International System of Units and other systems of units. Length is speed times time. The metre, a base unit of length in the International System of Units, is defined in terms of speed of light during a certain time interval.",Class,https://w3id.org/citydata/part1/v1/diagrams/Length.dot.svg,https://w3id.org/citydata/part1/v1/Length,2026-07-23T12:14:41.538678
,NonTerminalState,NonTerminalState,"A NonTerminalState has child States (a.k.a., sub-states) that are either conjuctive or disjunctive. Each child may be a TerminalState or NonTerminalState; eventually a TerminalState is reached. A State cannot be both non-terminal and terminal.",Class,https://w3id.org/citydata/part1/v1/diagrams/NonTerminalState.dot.svg,https://w3id.org/citydata/part1/v1/NonTerminalState,2026-07-23T12:14:41.538678
,TimeUnit,TimeUnit,A specified system of units for time.,Class,https://w3id.org/citydata/part1/v1/diagrams/TimeUnit.dot.svg,https://w3id.org/citydata/part1/v1/TimeUnit,2026-07-23T12:14:41.538678
,State,State,"A State describes some situation in the world which may or may not be satisfied (true) at a given point in time. A State refers to a class of manifestations. It may be a precondition or effect of some Activity, or more generally it may be enabled or be caused by some Activity. If a state is complex, it may refer to some combination of classes of manifestations.
        Example: A shopping activity, Activity-Shop, can require both the VehicleW30LGas state, but also some state wherein the mall is ",Class,https://w3id.org/citydata/part1/v1/diagrams/State.dot.svg,https://w3id.org/citydata/part1/v1/State,2026-07-23T12:14:41.538678
,Duration,Duration,Duration is the amount of time that elapses between two instants or events.,Class,https://w3id.org/citydata/part1/v1/diagrams/Duration.dot.svg,https://w3id.org/citydata/part1/v1/Duration,2026-07-23T12:14:41.538678
,SpatialLocThing,SpatialLocThing,"Added for organizational purposes, to identify all classes defined in the Location pattern of the CDM ontology.",Class,https://w3id.org/citydata/part1/v1/diagrams/SpatialLocThing.dot.svg,https://w3id.org/citydata/part1/v1/SpatialLocThing,2026-07-23T12:14:41.538678
,DisjunctiveState,DisjunctiveState,A type of NonTerminalState that is defined by the disjunction of its child States. A State cannot be both conjunctive and disjunctive. ,Class,https://w3id.org/citydata/part1/v1/diagrams/DisjunctiveState.dot.svg,https://w3id.org/citydata/part1/v1/DisjunctiveState,2026-07-23T12:14:41.538678
,Geo_Position_unit,Geo_Position_unit,Reference systems to indicate geographic position.,Class,https://w3id.org/citydata/part1/v1/diagrams/Geo_Position_unit.dot.svg,https://w3id.org/citydata/part1/v1/Geo_Position_unit,2026-07-23T12:14:41.538678
,ManifestationState,ManifestationState,"A specialization of TerminalState, the ManifestationState specifies a Manifestation class that an individual must satisfy in order for the ManifestationState to be true.",Class,https://w3id.org/citydata/part1/v1/diagrams/ManifestationState.dot.svg,https://w3id.org/citydata/part1/v1/ManifestationState,2026-07-23T12:14:41.538678
,MonthlyRecurringEvent,MonthlyRecurringEvent,"A MonthlyRecurringEvent recurs regularly on the same day of each month, as specified by the dayOfMonth data property. Note that there is often ambiguity regarding the semantics of a monthly recurring event: in this formalization, a MonthlyRecurringEvent is any event that recurs regularly on the same day of each month; other interpretations sometimes consider events that recur on the same day of week, or first or last day, in which case the day of month will vary.",Class,https://w3id.org/citydata/part1/v1/diagrams/MonthlyRecurringEvent.dot.svg,https://w3id.org/citydata/part1/v1/MonthlyRecurringEvent,2026-07-23T12:14:41.538678
,NonDivisibleResource,NonDivisibleResource,A Resource that can only be used for a single Activity at once - even if it isn't fully utilized.,Class,https://w3id.org/citydata/part1/v1/diagrams/NonDivisibleResource.dot.svg,https://w3id.org/citydata/part1/v1/NonDivisibleResource,2026-07-23T12:14:41.538678
,ActivityStatus,ActivityStatus,The status of the Activity.,Class,https://w3id.org/citydata/part1/v1/diagrams/ActivityStatus.dot.svg,https://w3id.org/citydata/part1/v1/ActivityStatus,2026-07-23T12:14:41.538678
,Manifestation,Manifestation,"Manifestations may be interpreted as “snapshots” of an object at some point in time. This enables the representation of changing attributes of an object, without losing information about its past values/relationships. The properties of the class must then be identified as properties that are (and aren't) subject to change, in order to distinguish between the static and dynamic aspects of a particular entity.",Class,https://w3id.org/citydata/part1/v1/diagrams/Manifestation.dot.svg,https://w3id.org/citydata/part1/v1/Manifestation,2026-07-23T12:14:41.538678
,DivisibleResource,DivisibleResource,A Resource that can be divided for use or consumption between multiple Activities.,Class,https://w3id.org/citydata/part1/v1/diagrams/DivisibleResource.dot.svg,https://w3id.org/citydata/part1/v1/DivisibleResource,2026-07-23T12:14:41.538678
,Resource,Resource,"A Resource is a generic representation of some Thing that can be ""used"" in an Activity. 
        A Resource may have some Location, amount or availability, according to the definition of the Manifestation or TimeVaryingEntity. 
        A Resource must be classified as some Resource Type.
        A Resource may participate in some Activity Occurrence. In other words, it links to the Activity that the Resource is being used/consumed/produced/released at the time of the manifestation.
        A spe",Class,https://w3id.org/citydata/part1/v1/diagrams/Resource.dot.svg,https://w3id.org/citydata/part1/v1/Resource,2026-07-23T12:14:41.538678
,CityUnitsThing,CityUnitsThing,Added for organizational purposes to group the classes defined in the City Units portion of the CDM.,Class,https://w3id.org/citydata/part1/v1/diagrams/CityUnitsThing.dot.svg,https://w3id.org/citydata/part1/v1/CityUnitsThing,2026-07-23T12:14:41.538678
,Speed,Speed,Speed is the time rate of motion measured by the distance moved over in unit time.,Class,https://w3id.org/citydata/part1/v1/diagrams/Speed.dot.svg,https://w3id.org/citydata/part1/v1/Speed,2026-07-23T12:14:41.538678
,Organization,Organization,"A collection of people organized together into a community or other social, commercial or political structure. The group has some common purpose or reason for existence which goes beyond the set of people belonging to it. An organization may itself be able to act as an agent.
        In addition to the standard org:Organization pattern, this ontology defines an cdm1:Organization to be a subclass of an cdm1:Agent.",Class,https://w3id.org/citydata/part1/v1/diagrams/Organization.dot.svg,https://w3id.org/citydata/part1/v1/Organization,2026-07-23T12:14:41.538678
,Location,Location,A location.,Class,https://w3id.org/citydata/part1/v1/diagrams/Location.dot.svg,https://w3id.org/citydata/part1/v1/Location,2026-07-23T12:14:41.538678
,ComplexAgreement,ComplexAgreement,A complex agreement is an agreement that is composed of two or more atomic agreements. It is a subclass of Agreement and specifies the “essence” of a complex agreement.  In particular it identifies how atomic agreements are composed to form a complex agreement.,Class,https://w3id.org/citydata/part1/v1/diagrams/ComplexAgreement.dot.svg,https://w3id.org/citydata/part1/v1/ComplexAgreement,2026-07-23T12:14:41.538678
,DisjunctiveAgreement,DisjunctiveAgreement,A disjunctive agreement is a complex agreement where at least one sub-agreement must be satisfied for the overall agreement to hold.,Class,https://w3id.org/citydata/part1/v1/diagrams/DisjunctiveAgreement.dot.svg,https://w3id.org/citydata/part1/v1/DisjunctiveAgreement,2026-07-23T12:14:41.538678
,StateStatus,StateStatus,,Class,https://w3id.org/citydata/part1/v1/diagrams/StateStatus.dot.svg,https://w3id.org/citydata/part1/v1/StateStatus,2026-07-23T12:14:41.538678
,MassUnit,MassUnit,,Class,https://w3id.org/citydata/part1/v1/diagrams/MassUnit.dot.svg,https://w3id.org/citydata/part1/v1/MassUnit,2026-07-23T12:14:41.538678
,AmountOfMoney,AmountOfMoney,,Class,https://w3id.org/citydata/part1/v1/diagrams/AmountOfMoney.dot.svg,https://w3id.org/citydata/part1/v1/AmountOfMoney,2026-07-23T12:14:41.538678
,RecurringEventThing,RecurringEventThing,Class added for organizational purposes only; to group all classes defined in the recurring-event ontology.,Class,https://w3id.org/citydata/part1/v1/diagrams/RecurringEventThing.dot.svg,https://w3id.org/citydata/part1/v1/RecurringEventThing,2026-07-23T12:14:41.538678
,Area,Area,"Area expresses the two-dimensional size of a defined part of a surface, typically a region bounded by a closed curve. It is a derived quantity in the International System of Units. Area is length squared.",Class,https://w3id.org/citydata/part1/v1/diagrams/Area.dot.svg,https://w3id.org/citydata/part1/v1/Area,2026-07-23T12:14:41.538678
,ConsumeState,ConsumeState,Identifies a Resource and Quantity it consumes. The Quantity is removed from the Resource.,Class,https://w3id.org/citydata/part1/v1/diagrams/ConsumeState.dot.svg,https://w3id.org/citydata/part1/v1/ConsumeState,2026-07-23T12:14:41.538678
,ProduceState,ProduceState,Identifies a Resource and Quantity it produces.,Class,https://w3id.org/citydata/part1/v1/diagrams/ProduceState.dot.svg,https://w3id.org/citydata/part1/v1/ProduceState,2026-07-23T12:14:41.538678
,AgreementThing,AgreementThing,"Added for organizational purposes, to identify all classes defined in the Agreement pattern.",Class,https://w3id.org/citydata/part1/v1/diagrams/AgreementThing.dot.svg,https://w3id.org/citydata/part1/v1/AgreementThing,2026-07-23T12:14:41.538678
,WeeklyRecurringEvent,WeeklyRecurringEvent,"A WeeklyRecurringEvent recurs on the regularly on the same day of the week, as specified by the schema:dayOfWeek property.",Class,https://w3id.org/citydata/part1/v1/diagrams/WeeklyRecurringEvent.dot.svg,https://w3id.org/citydata/part1/v1/WeeklyRecurringEvent,2026-07-23T12:14:41.538678
,ConjunctiveState,ConjunctiveState,A type of NonTerminalState that is defined by the conjunction of its child States.,Class,https://w3id.org/citydata/part1/v1/diagrams/ConjunctiveState.dot.svg,https://w3id.org/citydata/part1/v1/ConjunctiveState,2026-07-23T12:14:41.538678
,Mass,Mass,Mass is the amount of matter of a phenomenon. It is a base quantity in the International System of Units. Mass is force divided by acceleration.,Class,https://w3id.org/citydata/part1/v1/diagrams/Mass.dot.svg,https://w3id.org/citydata/part1/v1/Mass,2026-07-23T12:14:41.538678
,MonetaryValue,MonetaryValue,A Monetary Value has a numerical value that is relative to a particular date (year). A Monetary Value is measured with some currency.,Class,https://w3id.org/citydata/part1/v1/diagrams/MonetaryValue.dot.svg,https://w3id.org/citydata/part1/v1/MonetaryValue,2026-07-23T12:14:41.538678
,UseState,UseState,Identifies a Resource and Quantity it uses (without consuming).,Class,https://w3id.org/citydata/part1/v1/diagrams/UseState.dot.svg,https://w3id.org/citydata/part1/v1/UseState,2026-07-23T12:14:41.538678
,Capacity,Capacity,,Class,https://w3id.org/citydata/part1/v1/diagrams/Capacity.dot.svg,https://w3id.org/citydata/part1/v1/Capacity,2026-07-23T12:14:41.538678
,Agent,Agent,"An Agent affects, is affected by, or performs some Activity(s). An Agent may be a Person or Organization, but not Software or a Mechanical Device (at this time). An Agent can be a member of an organization and hold zero or more posts in an organization.",Class,https://w3id.org/citydata/part1/v1/diagrams/Agent.dot.svg,https://w3id.org/citydata/part1/v1/Agent,2026-07-23T12:14:41.538678
,Activity,Activity,"An Activity describes something that occurs in the domain.
An Activity may be further defined by (decomposed into) Subactivities.
An Activity may have precondition and/or effect State.
An Activity may be enabled by or cause some State. An enabling of causing state is a generalization of a precondition/effect; an Activity is enabled by or causes some State if it has a subactivity with a precondition or effect (respectively) of that State. 
In other words, the state may not be required directly be",Class,https://w3id.org/citydata/part1/v1/diagrams/Activity.dot.svg,https://w3id.org/citydata/part1/v1/Activity,2026-07-23T12:14:41.538678
,DailyRecurringEvent,DailyRecurringEvent,"A DailyRecurringEvent is a RecurringEvent that occurs every day. It has a maximum of one associated time, the start time. Typically, a daily recurring event will occur at the same time every day, but it is also possible that no commitment is made to a recurring start time for the event, in which case no start time is specified. A DailyEvent does not necessarily have the same endtime or duration, therefore these are not specified.",Class,https://w3id.org/citydata/part1/v1/diagrams/DailyRecurringEvent.dot.svg,https://w3id.org/citydata/part1/v1/DailyRecurringEvent,2026-07-23T12:14:41.538678
,FirstManifestation,FirstManifestation,The first recorded manifestation of an individual. No prior manifestations (in time) exist for the individual. It is a subclassOf Manifestation.,Class,https://w3id.org/citydata/part1/v1/diagrams/FirstManifestation.dot.svg,https://w3id.org/citydata/part1/v1/FirstManifestation,2026-07-23T12:14:41.538678
,Agreement,Agreement,"An agreement exists between two or more agents. It is established at some point in time and it may be considered valid only in some Location and/or for some interval in time. An agreement may be defined at varying levels of detail, this is supported with the introduction of the ComplexAgreement and AtomicAgreement class. Finally, agreements involve some specification of rights or commitments of the involved parties. This is represented as a relationship between the involved Agent and a particula",Class,https://w3id.org/citydata/part1/v1/diagrams/Agreement.dot.svg,https://w3id.org/citydata/part1/v1/Agreement,2026-07-23T12:14:41.538678
,ReleaseState,ReleaseState,Identifies a Resource and Quantity it releases (after using).,Class,https://w3id.org/citydata/part1/v1/diagrams/ReleaseState.dot.svg,https://w3id.org/citydata/part1/v1/ReleaseState,2026-07-23T12:14:41.538678
,Volume,Volume,Volume is a measure of how much three-dimensional space any phenomenon occupies. ,Class,https://w3id.org/citydata/part1/v1/diagrams/Volume.dot.svg,https://w3id.org/citydata/part1/v1/Volume,2026-07-23T12:14:41.538678
,Ratio,Ratio,"A ratio is a comparison of two quantities, often expressed as a fraction or in the form a:b.",Class,https://w3id.org/citydata/part1/v1/diagrams/Ratio.dot.svg,https://w3id.org/citydata/part1/v1/Ratio,2026-07-23T12:14:41.538678
,AccelerationUnit,AccelerationUnit,,Class,https://w3id.org/citydata/part1/v1/diagrams/AccelerationUnit.dot.svg,https://w3id.org/citydata/part1/v1/AccelerationUnit,2026-07-23T12:14:41.538678
,SpeedUnit,SpeedUnit,A specified system of units for speed.,Class,https://w3id.org/citydata/part1/v1/diagrams/SpeedUnit.dot.svg,https://w3id.org/citydata/part1/v1/SpeedUnit,2026-07-23T12:14:41.538678
,AgentThing,AgentThing,"Added for organizational purposes, to identify all classes defined in the Agent pattern.",Class,https://w3id.org/citydata/part1/v1/diagrams/AgentThing.dot.svg,https://w3id.org/citydata/part1/v1/AgentThing,2026-07-23T12:14:41.538678
,AtomicAgreement,AtomicAgreement,"An atomic agreement is a simple agreement that cannot be further decomposed into sub-agreements. It is a subclass of Agreement and specifies the “essence” of an agreement.  In particular it identifies how agents participating in the agreement are involved: whether they have a claim, duty, no-claim or privilege with respect to some activity that is committed to in the agreement.",Class,https://w3id.org/citydata/part1/v1/diagrams/AtomicAgreement.dot.svg,https://w3id.org/citydata/part1/v1/AtomicAgreement,2026-07-23T12:14:41.538678
,TerminalState,TerminalState,"A terminal state type has no substates (cannot be decomposed). It corresponds to a particular class of manifestations. A terminal state is achieved at some time if and only if there exists a manifestation within its defined classification, that exists at that time.",Class,https://w3id.org/citydata/part1/v1/diagrams/TerminalState.dot.svg,https://w3id.org/citydata/part1/v1/TerminalState,2026-07-23T12:14:41.538678
,VolumeUnit,VolumeUnit,A specified system of units for volume.,Class,https://w3id.org/citydata/part1/v1/diagrams/VolumeUnit.dot.svg,https://w3id.org/citydata/part1/v1/VolumeUnit,2026-07-23T12:14:41.538678
,ActivityThing,ActivityThing,"Added for organizational purposes, to identify all classes defined in the Activity pattern.",Class,https://w3id.org/citydata/part1/v1/diagrams/ActivityThing.dot.svg,https://w3id.org/citydata/part1/v1/ActivityThing,2026-07-23T12:14:41.538678
,ResourceThing,ResourceThing,"Added for organizational purposes, to identify all classes defined in the Resource ontology.",Class,https://w3id.org/citydata/part1/v1/diagrams/ResourceThing.dot.svg,https://w3id.org/citydata/part1/v1/ResourceThing,2026-07-23T12:14:41.538678
,CardinalityMeasure,CardinalityMeasure,,Class,https://w3id.org/citydata/part1/v1/diagrams/CardinalityMeasure.dot.svg,https://w3id.org/citydata/part1/v1/CardinalityMeasure,2026-07-23T12:14:41.538678
,ValueOfMoney,ValueOfMoney,An amount of money that is defined relative to a particular year.,Class,https://w3id.org/citydata/part1/v1/diagrams/ValueOfMoney.dot.svg,https://w3id.org/citydata/part1/v1/ValueOfMoney,2026-07-23T12:14:41.538678
,RecurringEvent,RecurringEvent,"Recurring events are defined based on the regular interval at which they occur; this is captures using some combination of the hasTime, dayOfWeek, hasMonth, and dayOfMonth properties.  Using these properties, ontology defines the following specializations of the RecurringEvent class. Other subclasses may be defined similarly, as required.",Class,https://w3id.org/citydata/part1/v1/diagrams/RecurringEvent.dot.svg,https://w3id.org/citydata/part1/v1/RecurringEvent,2026-07-23T12:14:41.538678
,OrganizationThing,OrganizationThing,A class representing an organization in the context of the CDM ontology.,Class,https://w3id.org/citydata/part1/v1/diagrams/OrganizationThing.dot.svg,https://w3id.org/citydata/part1/v1/OrganizationThing,2026-07-23T12:14:41.538678
,AreaUnit,AreaUnit,Unit of area in the specified system of units.,Class,https://w3id.org/citydata/part1/v1/diagrams/AreaUnit.dot.svg,https://w3id.org/citydata/part1/v1/AreaUnit,2026-07-23T12:14:41.538678
,ChangeThing,ChangeThing,Added for organizational purposes to group the classes defined in the Change portion of the CDM.,Class,https://w3id.org/citydata/part1/v1/diagrams/ChangeThing.dot.svg,https://w3id.org/citydata/part1/v1/ChangeThing,2026-07-23T12:14:41.538678
,LengthUnit,LengthUnit,A specified system of units for distance.,Class,https://w3id.org/citydata/part1/v1/diagrams/LengthUnit.dot.svg,https://w3id.org/citydata/part1/v1/LengthUnit,2026-07-23T12:14:41.538678
,MereologyObjectProperty,MereologyObjectProperty,"Added for organizational purposes, to identify all mereology object properties defined in the City Data Model.",ObjectProperty,,https://w3id.org/citydata/part1/v1/MereologyObjectProperty,2026-07-23T12:14:41.538678
,aggregateOf,aggregateOf,One object within a collection.,ObjectProperty,,https://w3id.org/citydata/part1/v1/aggregateOf,2026-07-23T12:14:41.538678
,aggregateOver,aggregateOver,,ObjectProperty,,https://w3id.org/citydata/part1/v1/aggregateOver,2026-07-23T12:14:41.538678
,aggregationOf,aggregationOf,A collection of objects.,ObjectProperty,,https://w3id.org/citydata/part1/v1/aggregationOf,2026-07-23T12:14:41.538678
,componentOf,componentOf,"Specifies a part-whole relationship between objects where the component is a part that is defined based on actual boundaries. The parts are often also defined according to distinct functions. For example, a headlight is a componentOf a car. ",ObjectProperty,,https://w3id.org/citydata/part1/v1/componentOf,2026-07-23T12:14:41.538678
,hasComponent,hasComponent,"Specifies a part-whole relationship between objects where the component is a part that is defined based on actual boundaries. The parts are often also defined according to distinct functions. For example, a car hasComponent headlight.",ObjectProperty,,https://w3id.org/citydata/part1/v1/hasComponent,2026-07-23T12:14:41.538678
,hasProperPart,hasProperPart,Specifies a part-whole relationship between objects where an object cannot be part of itself.,ObjectProperty,,https://w3id.org/citydata/part1/v1/hasProperPart,2026-07-23T12:14:41.538678
,immediateComponentOf,immediateComponentOf,"Specifies a componentOf relationship where the if x immediateComponentOf y, then there does not exist a z where x immediateComponentOf z immediateComponentOf y.",ObjectProperty,,https://w3id.org/citydata/part1/v1/immediateComponentOf,2026-07-23T12:14:41.538678
,partOf,partOf,Specifies a part-whole relationship between objects,ObjectProperty,,https://w3id.org/citydata/part1/v1/partOf,2026-07-23T12:14:41.538678
,properPartOf,properPartOf,Specifies a part-whole relationship between objects where an object cannot be part of itself,ObjectProperty,,https://w3id.org/citydata/part1/v1/properPartOf,2026-07-23T12:14:41.538678
,CdmObjectProperty,CdmObjectProperty,"Added for organizational purposes, to identify all object properties defined in the City Data Model.",ObjectProperty,,https://w3id.org/citydata/part1/v1/CdmObjectProperty,2026-07-23T12:14:41.538678
,FoundationalCdmObjectProperty,FoundationalCdmObjectProperty,"Added for organizational purposes, to identify all foundational object properties defined in the City Data Model.",ObjectProperty,,https://w3id.org/citydata/part1/v1/FoundationalCdmObjectProperty,2026-07-23T12:14:41.538678
,ChangeObjectProperty,ChangeObjectProperty,"Added for organizational purposes, to identify all change object properties defined in the City Data Model.",ObjectProperty,,https://w3id.org/citydata/part1/v1/ChangeObjectProperty,2026-07-23T12:14:41.538678
,existsAt,existsAt,Identifies the TemporalEntity that reflects the time Instant or Interval during which a Thing is valid.,ObjectProperty,,https://w3id.org/citydata/part1/v1/existsAt,2026-07-23T12:14:41.538678
,hasFirstManifestation,hasFirstManifestation,"Identifies the First Manifestation that is related to a particular Manifestation (i.e., for some snapshot of an object, it identifies the first such snapshot of the object).",ObjectProperty,,https://w3id.org/citydata/part1/v1/hasFirstManifestation,2026-07-23T12:14:41.538678
,hasLatestManifestation,hasLatestManifestation,"Identifies the most recent Manifestation that is related to a particular FirstManifestation (i.e., for some snapshot of an object, it identifies the most recent snapshot of the object).",ObjectProperty,,https://w3id.org/citydata/part1/v1/hasLatestManifestation,2026-07-23T12:14:41.538678
,hasManifestation,hasManifestation,"identifies a Manifestation that captures the instantiation of variant attributes of an object at some time (i.e., a temporal snapshot of some individual). The individual is related to all manifestations in a series via the hasManifestation property.",ObjectProperty,,https://w3id.org/citydata/part1/v1/hasManifestation,2026-07-23T12:14:41.538678
,hasNextManifestation,hasNextManifestation,Identifies the immediate successor Manifestation (i.e. the subsequent snapshot of the object).,ObjectProperty,,https://w3id.org/citydata/part1/v1/hasNextManifestation,2026-07-23T12:14:41.538678
,hasPreviousManifestation,hasPreviousManifestation,Identifies the immediate prior Manifestation (i.e. the prior snapshot of the object).,ObjectProperty,,https://w3id.org/citydata/part1/v1/hasPreviousManifestation,2026-07-23T12:14:41.538678
,precedesManifestation,precedesManifestation,Identifies all subsequent Manifestations that follow a FirstManifestation.,ObjectProperty,,https://w3id.org/citydata/part1/v1/precedesManifestation,2026-07-23T12:14:41.538678
,CityUnitObjectProperty,CityUnitObjectProperty,"Added for organizational purposes, to identify all city unit object properties defined in the City Data Model.",ObjectProperty,,https://w3id.org/citydata/part1/v1/CityUnitObjectProperty,2026-07-23T12:14:41.538678
,AgentObjectProperty,AgentObjectProperty,"Added for organizational purposes, to identify all agent object properties defined in the City Data Model.",ObjectProperty,,https://w3id.org/citydata/part1/v1/AgentObjectProperty,2026-07-23T12:14:41.538678
,performedBy,performedBy,,ObjectProperty,,https://w3id.org/citydata/part1/v1/performedBy,2026-07-23T12:14:41.538678
,performs,performs,Identifies activities that the Agent performs.,ObjectProperty,,https://w3id.org/citydata/part1/v1/performs,2026-07-23T12:14:41.538678
,RecurringEventObjectProperty,RecurringEventObjectProperty,"Added for organizational purposes, to identify all recurring event object properties defined in the City Data Model.",ObjectProperty,,https://w3id.org/citydata/part1/v1/RecurringEventObjectProperty,2026-07-23T12:14:41.538678
,beginsRecurringState,beginsRecurringState,Defines a State that is required to be true in order to initiate the RecurringEvent.,ObjectProperty,,https://w3id.org/citydata/part1/v1/beginsRecurringState,2026-07-23T12:14:41.538678
,beginsRecurringTime,beginsRecurringTime,Specifies the start time of the RecurringEvent’s activity with a time:TemporalEntity from the Time pattern.,ObjectProperty,,https://w3id.org/citydata/part1/v1/beginsRecurringTime,2026-07-23T12:14:41.538678
,endDayOfWeek,endDayOfWeek,,ObjectProperty,,https://w3id.org/citydata/part1/v1/endDayOfWeek,2026-07-23T12:14:41.538678
,endMonth,endMonth,,ObjectProperty,,https://w3id.org/citydata/part1/v1/endMonth,2026-07-23T12:14:41.538678
,endsRecurringState,endsRecurringState,Defines a State that is required to be true in order terminate the RecurringEvent.,ObjectProperty,,https://w3id.org/citydata/part1/v1/endsRecurringState,2026-07-23T12:14:41.538678
,endsRecurringTime,endsRecurringTime,Specifies the end time of the RecurringEvent’s activity with a time:TemporalEntity from the Time pattern,ObjectProperty,,https://w3id.org/citydata/part1/v1/endsRecurringTime,2026-07-23T12:14:41.538678
,hasDayOfWeek,hasDayOfWeek,Specifies the day of the week on which a Weekly RecurringEvent occurs with the time:DayOfWeek class from the Time pattern.,ObjectProperty,,https://w3id.org/citydata/part1/v1/hasDayOfWeek,2026-07-23T12:14:41.538678
,hasMonth,hasMonth,,ObjectProperty,,https://w3id.org/citydata/part1/v1/hasMonth,2026-07-23T12:14:41.538678
,hasOccurrence,hasOccurrence,Identifies the Activities that take place at the time and location.,ObjectProperty,,https://w3id.org/citydata/part1/v1/hasOccurrence,2026-07-23T12:14:41.538678
,hasSubRecurringEvent,hasSubRecurringEvent,"identifies the sub-recurring events that comprise the RecurringEvent. As with an Activity, a RecurringEvent may be decomposed/decomposed into simpler/more complex RecurringEvents to support varying levels of granularity.",ObjectProperty,,https://w3id.org/citydata/part1/v1/hasSubRecurringEvent,2026-07-23T12:14:41.538678
,onDateTimeDescription,onDateTimeDescription,"Specifies the date-time description (as defined in the Time pattern) on which a recurring event recurs. For example, the day of the month on which a MonthlyRecurringEvent recurs, or the day and month on which a YearlyRecurringEvent recurs.",ObjectProperty,,https://w3id.org/citydata/part1/v1/onDateTimeDescription,2026-07-23T12:14:41.538678
,recursAddition,recursAddition,"Defines a condition when the RecurringEvent should be added to. This can specify a time, day of the week, or specific dates.",ObjectProperty,,https://w3id.org/citydata/part1/v1/recursAddition,2026-07-23T12:14:41.538678
,recursExcept,recursExcept,"Defines the exceptions for the RecurringEvent, i.e. conditions when it does not occur. This can specify a time, day of the week, or specific dates.",ObjectProperty,,https://w3id.org/citydata/part1/v1/recursExcept,2026-07-23T12:14:41.538678
,AgreementObjectProperty,AgreementObjectProperty,"Added for organizational purposes, to identify all agreement object properties defined in the City Data Model.",ObjectProperty,,https://w3id.org/citydata/part1/v1/AgreementObjectProperty,2026-07-23T12:14:41.538678
,agentInvolvedIn,agentInvolvedIn,,ObjectProperty,,https://w3id.org/citydata/part1/v1/agentInvolvedIn,2026-07-23T12:14:41.538678
,commitsToActivity,commitsToActivity,A commitment to some activity,ObjectProperty,,https://w3id.org/citydata/part1/v1/commitsToActivity,2026-07-23T12:14:41.538678
,establishedOn,establishedOn,Specifies the Instant of time at which the Agreement was created.,ObjectProperty,,https://w3id.org/citydata/part1/v1/establishedOn,2026-07-23T12:14:41.538678
,hasClaim,hasClaim,"Indicates that an Agent is the beneficiary of an Activity fulfilled by another Agent in the Agreement (i.e., the Agent with the duty to fulfil the Activity), e.g. payment of wages, provision of services.",ObjectProperty,,https://w3id.org/citydata/part1/v1/hasClaim,2026-07-23T12:14:41.538678
,hasDuty,hasDuty,Indicates that an Agent is required to fulfil the described Activity.,ObjectProperty,,https://w3id.org/citydata/part1/v1/hasDuty,2026-07-23T12:14:41.538678
,hasNoClaim,hasNoClaim,Indicates that an Agent has no claim on (i.e. has no right to the described Activity).,ObjectProperty,,https://w3id.org/citydata/part1/v1/hasNoClaim,2026-07-23T12:14:41.538678
,hasPrivilege,hasPrivilege,Indicates that an Agent may but is not required to fulfil the described Activity.,ObjectProperty,,https://w3id.org/citydata/part1/v1/hasPrivilege,2026-07-23T12:14:41.538678
,hasSubAgreement,hasSubAgreement,Identifies two or more Agreements that comprise the Agreement.,ObjectProperty,,https://w3id.org/citydata/part1/v1/hasSubAgreement,2026-07-23T12:14:41.538678
,involvesAgent,involvesAgent,Identifies the Agents that are party to the Agreement.,ObjectProperty,,https://w3id.org/citydata/part1/v1/involvesAgent,2026-07-23T12:14:41.538678
,validFor,validFor,Specifies the time Interval during which the Thing is valid or in force.,ObjectProperty,,https://w3id.org/citydata/part1/v1/validFor,2026-07-23T12:14:41.538678
,validIn,validIn,Identifies the location where the Thing is valid.,ObjectProperty,,https://w3id.org/citydata/part1/v1/validIn,2026-07-23T12:14:41.538678
,ResourceObjectProperty,ResourceObjectProperty,"Added for organizational purposes, to identify all resource object properties defined in the City Data Model.",ObjectProperty,,https://w3id.org/citydata/part1/v1/ResourceObjectProperty,2026-07-23T12:14:41.538678
,capacityInUse,capacityInUse,"Identifies the portion of capacity in use, by some Activity(s).",ObjectProperty,,https://w3id.org/citydata/part1/v1/capacityInUse,2026-07-23T12:14:41.538678
,consumedBy,consumedBy,,ObjectProperty,,https://w3id.org/citydata/part1/v1/consumedBy,2026-07-23T12:14:41.538678
,forResource,forResource,Specifies the Resource that is allocated.,ObjectProperty,,https://w3id.org/citydata/part1/v1/forResource,2026-07-23T12:14:41.538678
,forState,forState,Specifies the State to which the Resource is allocated.,ObjectProperty,,https://w3id.org/citydata/part1/v1/forState,2026-07-23T12:14:41.538678
,hasAllocation,hasAllocation,Specifies a Planned Allocation for the Resource. This indicates a State and time Interval to which the Resource has been allocated.,ObjectProperty,,https://w3id.org/citydata/part1/v1/hasAllocation,2026-07-23T12:14:41.538678
,hasAsset,hasAsset,,ObjectProperty,,https://w3id.org/citydata/part1/v1/hasAsset,2026-07-23T12:14:41.538678
,hasAvailableCapacity,hasAvailableCapacity,identifies the Quantity that specifies how much of the Resource is available for use.,ObjectProperty,,https://w3id.org/citydata/part1/v1/hasAvailableCapacity,2026-07-23T12:14:41.538678
,hasCapacity,hasCapacity,"Identifies the Quantity that specifies how much of the Resource exists, e.g. its volume, if it is liquid; how much it can hold, if it is an container.",ObjectProperty,,https://w3id.org/citydata/part1/v1/hasCapacity,2026-07-23T12:14:41.538678
,hasOwner,hasOwner,A Resource may have some owner. The owner of a resource is subject to change over time.,ObjectProperty,,https://w3id.org/citydata/part1/v1/hasOwner,2026-07-23T12:14:41.538678
,hasQuantity,hasQuantity,"Specifies the Quantity of the Resource that participates in the State, if applicable.",ObjectProperty,,https://w3id.org/citydata/part1/v1/hasQuantity,2026-07-23T12:14:41.538678
,hasResource,hasResource,"Specifies a Resource that participates in the State. This identifies the condition of the object that plays a resource role (i.e. is used, consumed, etc.) when the state’s status is active.",ObjectProperty,,https://w3id.org/citydata/part1/v1/hasResource,2026-07-23T12:14:41.538678
,ownedBy,ownedBy,,ObjectProperty,,https://w3id.org/citydata/part1/v1/ownedBy,2026-07-23T12:14:41.538678
,participatesIn,participatesIn,"Identifies the Activity that the Resource is being used, consumed, produced, or released by.",ObjectProperty,,https://w3id.org/citydata/part1/v1/participatesIn,2026-07-23T12:14:41.538678
,resourceOf,resourceOf,"identifies what State the agent may be a resource of. This is specified using the Resource pattern, where the Agent would be considered to be a resource from the perspective of an Activity that uses it in some way. For example, a construction activity may use some persons(s) and those persons would be considered a Resource for that Activity.",ObjectProperty,,https://w3id.org/citydata/part1/v1/resourceOf,2026-07-23T12:14:41.538678
,usedBy,usedBy,,ObjectProperty,,https://w3id.org/citydata/part1/v1/usedBy,2026-07-23T12:14:41.538678
,LocationObjectProperty,LocationObjectProperty,"Added for organizational purposes, to identify all location object properties defined in the City Data Model.",ObjectProperty,,https://w3id.org/citydata/part1/v1/LocationObjectProperty,2026-07-23T12:14:41.538678
,associatedLocation,associatedLocation,"Captures the association of a non-spatial object with a Location. For example, an activity is not a spatial object but may be associated with some location in which it (mostly) takes place.",ObjectProperty,,https://w3id.org/citydata/part1/v1/associatedLocation,2026-07-23T12:14:41.538678
,hasLocation,hasLocation,Specifies the Location of an object.,ObjectProperty,,https://w3id.org/citydata/part1/v1/hasLocation,2026-07-23T12:14:41.538678
,nonTangentialProperPart,nonTangentialProperPart,,ObjectProperty,,https://w3id.org/citydata/part1/v1/nonTangentialProperPart,2026-07-23T12:14:41.538678
,tangentialProperPart,tangentialProperPart,,ObjectProperty,,https://w3id.org/citydata/part1/v1/tangentialProperPart,2026-07-23T12:14:41.538678
,ActivityObjectProperty,ActivityObjectProperty,"Added for organizational purposes, to identify all activity object properties defined in the City Data Model.",ObjectProperty,,https://w3id.org/citydata/part1/v1/ActivityObjectProperty,2026-07-23T12:14:41.538678
,achievedAt,achievedAt,Identifies the time Interval or Instant during which the State was satisfied.,ObjectProperty,,https://w3id.org/citydata/part1/v1/achievedAt,2026-07-23T12:14:41.538678
,beginOf,beginOf,Identifies the time Instant at which the Activity occurs.,ObjectProperty,,https://w3id.org/citydata/part1/v1/beginOf,2026-07-23T12:14:41.538678
,causedByActivity,causedByActivity,Identifies an Activity that in some (indirect) way caused the State to be realized. The causedByActivity property is the inverse of the causes property and is a generalization (super-property) of the effectOf property.,ObjectProperty,,https://w3id.org/citydata/part1/v1/causedByActivity,2026-07-23T12:14:41.538678
,causesState,causesState,identifies a State that in some (indirect) way was caused by the occurrence of the Activity. An Activity is caused by a State if the State is an effect of the Activity or if the State is an effect of some subactivity of the Activity. The causes property is a generalization (super-property) of the hasEffect property.,ObjectProperty,,https://w3id.org/citydata/part1/v1/causesState,2026-07-23T12:14:41.538678
,conjunctiveAchievedAt,conjunctiveAchievedAt,,ObjectProperty,,https://w3id.org/citydata/part1/v1/conjunctiveAchievedAt,2026-07-23T12:14:41.538678
,disjunctiveAchievedAt,disjunctiveAchievedAt,,ObjectProperty,,https://w3id.org/citydata/part1/v1/disjunctiveAchievedAt,2026-07-23T12:14:41.538678
,effectOf,effectOf,Identifies an Activity that the State was realized by.,ObjectProperty,,https://w3id.org/citydata/part1/v1/effectOf,2026-07-23T12:14:41.538678
,enabledByState,enabledByState,Identifies a State that in some (indirect) way enabled the Activity to occur. An Activity is enabled by a State if the State is a precondition for the Activity or if the State is a precondition of some subactivity of the Activity. The enabledByState property is a generalization (super-property) of the hasPrecondition property.,ObjectProperty,,https://w3id.org/citydata/part1/v1/enabledByState,2026-07-23T12:14:41.538678
,enablesActivity,enablesActivity,Identifies an Activity that in some (indirect) way was enabled by the State. The enables property is the inverse of the enabledByState property and is a generalization (super-property) of the preconditionOf property.,ObjectProperty,,https://w3id.org/citydata/part1/v1/enablesActivity,2026-07-23T12:14:41.538678
,endOf,endOf,Identifies the time Instant at which the Activity ends.,ObjectProperty,,https://w3id.org/citydata/part1/v1/endOf,2026-07-23T12:14:41.538678
,hasDecomp,hasDecomp,"Identifies two or more States into which the State may be immediately decomposed, i.e. its direct children.",ObjectProperty,,https://w3id.org/citydata/part1/v1/hasDecomp,2026-07-23T12:14:41.538678
,hasEffect,hasEffect,Identifies a State that is realized once the Activity has occurred.,ObjectProperty,,https://w3id.org/citydata/part1/v1/hasEffect,2026-07-23T12:14:41.538678
,hasPrecondition,hasPrecondition,Identifies a State that must be realized in order for the Activity to occur.,ObjectProperty,,https://w3id.org/citydata/part1/v1/hasPrecondition,2026-07-23T12:14:41.538678
,hasStatus,hasStatus,Identifies the status of the parent Thing at some point or interval in time.,ObjectProperty,,https://w3id.org/citydata/part1/v1/hasStatus,2026-07-23T12:14:41.538678
,hasSubactivity,hasSubactivity,Identifies a more granular Activity into which the Activity may be decomposed.,ObjectProperty,,https://w3id.org/citydata/part1/v1/hasSubactivity,2026-07-23T12:14:41.538678
,hasSubstate,hasSubstate,"Identifies a State into which the complex state decomposes, at any level (i.e. its child state, grandchild state, etc.). The hasSubState property is transitive and a super-property of the hasDecomp property.",ObjectProperty,,https://w3id.org/citydata/part1/v1/hasSubstate,2026-07-23T12:14:41.538678
,occursAfter,occursAfter,,ObjectProperty,,https://w3id.org/citydata/part1/v1/occursAfter,2026-07-23T12:14:41.538678
,occursAt,occursAt,Identifies a time Interval over which the Activity occurs.,ObjectProperty,,https://w3id.org/citydata/part1/v1/occursAt,2026-07-23T12:14:41.538678
,occursBefore,occursBefore,Identifies an Activity that the Activity occurred before.,ObjectProperty,,https://w3id.org/citydata/part1/v1/occursBefore,2026-07-23T12:14:41.538678
,occursDirectlyAfter,occursDirectlyAfter,,ObjectProperty,,https://w3id.org/citydata/part1/v1/occursDirectlyAfter,2026-07-23T12:14:41.538678
,occursDirectlyBefore,occursDirectlyBefore,Identifies an Activity that occurred immediately prior to the Activity. The occursDirectlyBefore property is a sub-property of the occursBefore property.,ObjectProperty,,https://w3id.org/citydata/part1/v1/occursDirectlyBefore,2026-07-23T12:14:41.538678
,preconditionOf,preconditionOf,Identifies an Activity that requires the State to be realized in order to occur.,ObjectProperty,,https://w3id.org/citydata/part1/v1/preconditionOf,2026-07-23T12:14:41.538678
,satisfiedBy,satisfiedBy,"Specifies the Manifestation that is to be satisfied (i.e., realized).",ObjectProperty,,https://w3id.org/citydata/part1/v1/satisfiedBy,2026-07-23T12:14:41.538678
,scheduledFor,scheduledFor,Identifies a time Interval during which a Thing occurs.,ObjectProperty,,https://w3id.org/citydata/part1/v1/scheduledFor,2026-07-23T12:14:41.538678
,terminalAchievedAt,terminalAchievedAt,,ObjectProperty,,https://w3id.org/citydata/part1/v1/terminalAchievedAt,2026-07-23T12:14:41.538678
,CdmDataProperty,CdmDataProperty,"Added for organizational purposes, to identify all data properties defined in the City Data Model.",DatatypeProperty,,https://w3id.org/citydata/part1/v1/CdmDataProperty,2026-07-23T12:14:41.538678
,FoundationalCdmDataProperty,FoundationalCdmDataProperty,"Added for organizational purposes, to identify data properties defined in the Foundation-level CDM ontology.",DatatypeProperty,,https://w3id.org/citydata/part1/v1/FoundationalCdmDataProperty,2026-07-23T12:14:41.538678
,CityUnitsDataProperty,CityUnitsDataProperty,"Added for organizational purposes, to identify data properties defined in the City Units Pattern of the CDM ontology.",DatatypeProperty,,https://w3id.org/citydata/part1/v1/CityUnitsDataProperty,2026-07-23T12:14:41.538678
,hasRelativeYear,hasRelativeYear,The base year used to define monetary values for a currency.,DatatypeProperty,,https://w3id.org/citydata/part1/v1/hasRelativeYear,2026-07-23T12:14:41.538678
,RecurringEventDataProperty,RecurringEventDataProperty,"Added for organizational purposes, to identify object properties defined in the Recurring Event Properties Pattern of the CDM ontology.",DatatypeProperty,,https://w3id.org/citydata/part1/v1/RecurringEventDataProperty,2026-07-23T12:14:41.538678
,endTime,endTime,Specifies the end time of the domain object's activity.,DatatypeProperty,,https://w3id.org/citydata/part1/v1/endTime,2026-07-23T12:14:41.538678
,startTime,startTime,Specifies the start time of the RecurringEvent's activity using http://www.w3.org/2001/XMLSchema#time format.,DatatypeProperty,,https://w3id.org/citydata/part1/v1/startTime,2026-07-23T12:14:41.538678
,GeneralDataProperty,GeneralDataProperty,"Added for organizational purposes, to identify object properties defined in the General Properties Pattern of the CDM ontology.",DatatypeProperty,,https://w3id.org/citydata/part1/v1/GeneralDataProperty,2026-07-23T12:14:41.538678
,hasDescription,hasDescription,Descriptive information about an object.,DatatypeProperty,,https://w3id.org/citydata/part1/v1/hasDescription,2026-07-23T12:14:41.538678
,hasIdentifier,hasIdentifier,Unique identifier for an object.,DatatypeProperty,,https://w3id.org/citydata/part1/v1/hasIdentifier,2026-07-23T12:14:41.538678
,hasName,hasName,Name of an object.,DatatypeProperty,,https://w3id.org/citydata/part1/v1/hasName,2026-07-23T12:14:41.538678
,LocationDataProperty,LocationDataProperty,"Created for organizational purposes, to identify location data properties.",DatatypeProperty,,https://w3id.org/citydata/part1/v1/LocationDataProperty,2026-07-23T12:14:41.538678
,hasSerialization,hasSerialization,,DatatypeProperty,,https://w3id.org/citydata/part1/v1/hasSerialization,2026-07-23T12:14:41.538678
,isInvariant,isInvariant,"Identifies whether a property is to be interpreted as invariant (i.e., its value is not subject to change over time).",DatatypeProperty,,https://w3id.org/citydata/part1/v1/isInvariant,2026-07-23T12:14:41.538678
,mainModule,mainModule,Identifies whether an ontology file is the main ontology file within a directory.,DatatypeProperty,,https://w3id.org/citydata/part1/v1/mainModule,2026-07-23T12:14:41.538678
